{
	"credit": "Made with Blockbench",
	"textures": {
		"0": "a/lf",
		"1": "a/deco",
		"particle": "a/deco"
	},
	"elements": [
		{
			"name": "d",
			"from": [8.5, -0.75, -10],
			"to": [9.5, 0.75, 0],
			"faces": {
				"north": {"uv": [0, 0, 1, 0.5], "texture": "#1"},
				"east": {"uv": [0, 0, 1, 0.5], "texture": "#1"},
				"south": {"uv": [0, 0, 1, 0.5], "texture": "#1"},
				"west": {"uv": [0, 0, 1, 0.5], "texture": "#1"},
				"up": {"uv": [0, 0, 1, 0.5], "texture": "#1"},
				"down": {"uv": [0, 0, 1, 0.5], "texture": "#1"}
			}
		},
		{
			"name": "dl",
			"from": [11.875, -1.3125, -1],
			"to": [18, 0.9375, 0],
			"faces": {
				"north": {"uv": [3, 0, 4.25, 1.125], "texture": "#1", "rotation": 90},
				"east": {"uv": [3, 0, 4.25, 1.125], "texture": "#1", "rotation": 90},
				"south": {"uv": [3, 0, 4.25, 1.125], "texture": "#1", "rotation": 90},
				"west": {"uv": [3, 0, 4.25, 1.125], "texture": "#1", "rotation": 90},
				"up": {"uv": [3, 0, 4.25, 1.125], "texture": "#1", "rotation": 90},
				"down": {"uv": [3, 0, 4.25, 1.125], "texture": "#1", "rotation": 90}
			}
		},
		{
			"name": "dml",
			"from": [9.5, -1.3125, -2],
			"to": [12, 0.9375, 0],
			"faces": {
				"north": {"uv": [0, 0, 1.25, 1], "texture": "#1", "rotation": 90},
				"east": {"uv": [3, 0, 4.25, 2], "texture": "#1", "rotation": 90},
				"south": {"uv": [0, 2, 2.25, 4], "texture": "#1", "rotation": 90},
				"west": {"uv": [0, 0, 1.25, 1], "texture": "#1", "rotation": 90},
				"up": {"uv": [0, 2, 2.25, 4], "texture": "#1", "rotation": 90},
				"down": {"uv": [0, 2, 2.25, 4], "texture": "#1", "rotation": 270}
			}
		},
		{
			"name": "dmr",
			"from": [6, -0.9375, -2],
			"to": [8.5, 1.3125, 0],
			"faces": {
				"north": {"uv": [0, 0, 1, 0.5], "texture": "#1", "rotation": 90},
				"east": {"uv": [0, 0, 1, 1], "texture": "#1", "rotation": 90},
				"south": {"uv": [0, 1, 3, 3.5], "texture": "#1", "rotation": 90},
				"west": {"uv": [0, 1, 3, 3], "texture": "#1", "rotation": 90},
				"up": {"uv": [0, 1, 2, 3.5], "texture": "#1", "rotation": 90},
				"down": {"uv": [0, 1, 2, 3.5], "texture": "#1", "rotation": 270}
			}
		},
		{
			"name": "drd",
			"from": [2.5, -1.5375, -2.6],
			"to": [6, 0.7125, -2],
			"faces": {
				"north": {"uv": [0, 0, 0.5, 0.6], "texture": "#1"},
				"east": {"uv": [0, 0, 0.5, 0.6], "texture": "#1"},
				"south": {"uv": [0, 0, 0.5, 0.6], "texture": "#1"},
				"west": {"uv": [0, 0, 0.5, 0.6], "texture": "#1"},
				"up": {"uv": [0, 0, 0.5, 0.6], "texture": "#1"},
				"down": {"uv": [0, 0, 0.5, 0.6], "texture": "#1"}
			}
		},
		{
			"name": "dr",
			"from": [0, -1.125, -2],
			"to": [6, 1.125, 0],
			"faces": {
				"north": {"uv": [0, 0, 1, 1], "texture": "#1", "rotation": 90},
				"east": {"uv": [0, 8, 3, 10], "texture": "#1", "rotation": 90},
				"south": {"uv": [0, 8, 3, 14], "texture": "#1", "rotation": 90},
				"west": {"uv": [0, 0, 1, 1], "texture": "#1", "rotation": 90},
				"up": {"uv": [0, 8, 2, 14], "texture": "#1", "rotation": 90},
				"down": {"uv": [0, 8, 2, 14], "texture": "#1", "rotation": 270}
			}
		},
		{
			"name": "l",
			"from": [18, -1.2, 0],
			"to": [19.5, 1.05, 19],
			"rotation": {"angle": 0, "axis": "y", "origin": [19, -0.075, 8]},
			"faces": {
				"north": {"uv": [0, 0, 0.5, 1.25], "texture": "#1", "rotation": 180},
				"east": {"uv": [0, 0, 1.25, 1], "texture": "#1", "rotation": 90},
				"south": {"uv": [0, 0, 0.5, 1.25], "texture": "#1", "rotation": 180},
				"west": {"uv": [0, 0, 1, 2.25], "texture": "#1", "rotation": 180},
				"up": {"uv": [0, 0, 1.5, 16], "texture": "#1", "rotation": 180},
				"down": {"uv": [0, 0, 1.5, 16], "texture": "#1", "rotation": 180}
			}
		},
		{
			"name": "lud",
			"from": [16, -0.75, 16],
			"to": [18, 1.5, 21.1],
			"faces": {
				"north": {"uv": [0, 0, 0.5, 0.5], "texture": "#1", "rotation": 180},
				"east": {"uv": [0, 0, 0.6, 0.5], "texture": "#1", "rotation": 180},
				"south": {"uv": [0, 0, 0.5, 0.5], "texture": "#1", "rotation": 180},
				"west": {"uv": [0, 0, 5.1, 3], "texture": "#1", "rotation": 180},
				"up": {"uv": [6, 0, 8, 3.1], "texture": "#1", "rotation": 180},
				"down": {"uv": [0, 2, 2, 7.1], "texture": "#1", "rotation": 180}
			}
		},
		{
			"name": "u",
			"from": [0, -0.75, 20],
			"to": [14, 1.5, 22],
			"faces": {
				"north": {"uv": [0, 0, 2, 16], "texture": "#1", "rotation": 270},
				"east": {"uv": [0, 0, 2, 16], "texture": "#1", "rotation": 270},
				"south": {"uv": [0, 0, 1, 1], "texture": "#1", "rotation": 270},
				"west": {"uv": [0, 0, 1, 1], "texture": "#1", "rotation": 270},
				"up": {"uv": [6, 0, 8, 16], "texture": "#1", "rotation": 270},
				"down": {"uv": [6, 0, 8, 16], "texture": "#1", "rotation": 90}
			}
		},
		{
			"name": "ul",
			"from": [14, -0.75, 18],
			"to": [16, 1.5, 22],
			"faces": {
				"north": {"uv": [0, 0, 2, 4], "texture": "#1", "rotation": 180},
				"east": {"uv": [0, 0, 1, 1], "texture": "#1", "rotation": 180},
				"south": {"uv": [0, 0, 1, 1], "texture": "#1", "rotation": 180},
				"west": {"uv": [0, 0, 2, 4], "texture": "#1", "rotation": 180},
				"up": {"uv": [4, 0, 6, 4], "texture": "#1", "rotation": 180},
				"down": {"uv": [0, 6, 2, 10], "texture": "#1", "rotation": 180}
			}
		},
		{
			"name": "r",
			"from": [-1.5, -1.125, 0.3],
			"to": [0, 0.9375, 20],
			"faces": {
				"north": {"uv": [0, 0, 0.5, 0.75], "texture": "#1"},
				"east": {"uv": [0, 0, 0.5, 0.75], "texture": "#1"},
				"south": {"uv": [0, 0, 0.5, 0.75], "texture": "#1"},
				"west": {"uv": [0, 0, 0.5, 0.75], "texture": "#1"},
				"up": {"uv": [0, 0, 2, 16], "texture": "#1"},
				"down": {"uv": [0, 0, 2, 16], "texture": "#1"}
			}
		},
		{
			"name": "rd",
			"from": [0, -1.125, 0],
			"to": [2, 1.125, 2],
			"faces": {
				"north": {"uv": [0, 0, 2, 3], "texture": "#1"},
				"east": {"uv": [0, 0, 2, 3], "texture": "#1"},
				"south": {"uv": [0, 0, 2, 3], "texture": "#1"},
				"west": {"uv": [0, 0, 1, 1], "texture": "#1"},
				"up": {"uv": [1, 7, 3, 9], "texture": "#1"},
				"down": {"uv": [0, 1, 2, 3], "texture": "#1"}
			}
		},
		{
			"name": "mb",
			"from": [2, -0.75, 0],
			"to": [18, 0.75, 16],
			"faces": {
				"north": {"uv": [1.5, 0.5, 13.5, 3], "texture": "#0"},
				"east": {"uv": [2.5, 4, 16, 16], "texture": "#0"},
				"south": {"uv": [2, 0, 15.5, 2.5], "texture": "#0"},
				"west": {"uv": [2.5, 4, 16, 16], "texture": "#0"},
				"up": {"uv": [2, 4, 15.5, 16], "texture": "#0"},
				"down": {"uv": [0.5, 4, 14, 16], "texture": "#0", "rotation": 180}
			}
		},
		{
			"name": "um",
			"from": [0, -0.375, 16],
			"to": [14, 1.125, 20],
			"rotation": {"angle": 0, "axis": "y", "origin": [8, 8, 8.5]},
			"faces": {
				"north": {"uv": [4, 0, 15.5, 4], "texture": "#0"},
				"east": {"uv": [0.5, 0, 13, 4], "texture": "#0"},
				"south": {"uv": [0.5, 0, 13, 4], "texture": "#0"},
				"west": {"uv": [0.5, 0, 13, 4], "texture": "#0"},
				"up": {"uv": [0.5, 0, 12, 4], "texture": "#0"},
				"down": {"uv": [4, 0, 15.5, 4], "texture": "#0", "rotation": 180}
			}
		},
		{
			"name": "rm",
			"from": [0, -0.75, 2],
			"to": [2, 0.75, 16],
			"faces": {
				"north": {"uv": [0, 6, 1.5, 16], "texture": "#0"},
				"east": {"uv": [0, 6, 1.5, 16], "texture": "#0"},
				"south": {"uv": [0, 6, 1.5, 16], "texture": "#0"},
				"west": {"uv": [0, 6, 1.5, 16], "texture": "#0"},
				"up": {"uv": [0, 5.5, 2, 16], "texture": "#0"},
				"down": {"uv": [14.5, 0.5, 16, 10.5], "texture": "#0", "rotation": 180}
			}
		},
		{
			"name": "uls",
			"from": [14, -0.375, 16],
			"to": [16, 1.125, 18],
			"faces": {
				"north": {"uv": [0, 0, 1, 0.75], "texture": "#0"},
				"east": {"uv": [0, 0, 1, 0.75], "texture": "#0"},
				"south": {"uv": [0, 0, 1, 0.75], "texture": "#0"},
				"west": {"uv": [0, 0, 1, 0.75], "texture": "#0"},
				"up": {"uv": [0, 0, 1, 1], "texture": "#0"},
				"down": {"uv": [0, 0, 1, 1], "texture": "#0"}
			}
		},
		{
			"name": "sfum",
			"from": [8.125, 0.75, 0],
			"to": [10.125, 1.6875, 16],
			"faces": {
				"north": {"uv": [4, 3, 6, 16], "texture": "#1"},
				"east": {"uv": [4, 3, 6, 16], "texture": "#1"},
				"south": {"uv": [4, 3, 6, 16], "texture": "#1"},
				"west": {"uv": [4, 3, 6, 16], "texture": "#1"},
				"up": {"uv": [4, 3, 6, 16], "texture": "#1"},
				"down": {"uv": [4, 3, 6, 16], "texture": "#1"}
			}
		},
		{
			"name": "sfumu",
			"from": [8.125, 1.25, 16],
			"to": [10.125, 1.925, 19.5],
			"faces": {
				"north": {"uv": [4, 4, 6, 7.5], "texture": "#1"},
				"east": {"uv": [4, 4, 6, 7.5], "texture": "#1"},
				"south": {"uv": [4, 4, 6, 7.5], "texture": "#1"},
				"west": {"uv": [4, 4, 6, 7.5], "texture": "#1"},
				"up": {"uv": [4, 4, 6, 7.5], "texture": "#1"},
				"down": {"uv": [4, 4, 6, 7.5], "texture": "#1"}
			}
		},
		{
			"name": "sfulma",
			"from": [6.125, 0.75, 6.125],
			"to": [8.125, 1.46875, 7.125],
			"faces": {
				"north": {"uv": [4, 10, 6, 10.71875], "texture": "#1"},
				"east": {"uv": [4, 10, 5, 10.71875], "texture": "#1"},
				"south": {"uv": [4, 10, 6, 10.71875], "texture": "#1"},
				"west": {"uv": [4, 10, 5, 10.71875], "texture": "#1"},
				"up": {"uv": [4, 10, 6, 11], "texture": "#1"},
				"down": {"uv": [4, 10, 6, 11], "texture": "#1"}
			}
		},
		{
			"name": "sfulmb",
			"from": [4.125, 0.75, 6.6875],
			"to": [6.125, 1.09375, 7.6875],
			"faces": {
				"north": {"uv": [4, 10, 6, 10.34375], "texture": "#1"},
				"east": {"uv": [4, 10, 5, 10.34375], "texture": "#1"},
				"south": {"uv": [4, 10, 6, 10.34375], "texture": "#1"},
				"west": {"uv": [4, 10, 5, 10.34375], "texture": "#1"},
				"up": {"uv": [4, 10, 6, 11], "texture": "#1"},
				"down": {"uv": [4, 10, 6, 11], "texture": "#1"}
			}
		},
		{
			"name": "sfulmc",
			"from": [2.125, 0.75, 7.1875],
			"to": [4.125, 1.34375, 8.1875],
			"faces": {
				"north": {"uv": [4, 11, 6, 11.59375], "texture": "#1"},
				"east": {"uv": [4, 11, 5, 11.59375], "texture": "#1"},
				"south": {"uv": [4, 11, 6, 11.59375], "texture": "#1"},
				"west": {"uv": [4, 11, 5, 11.59375], "texture": "#1"},
				"up": {"uv": [4, 11, 6, 12], "texture": "#1"},
				"down": {"uv": [4, 11, 6, 12], "texture": "#1"}
			}
		},
		{
			"name": "sfulmd",
			"from": [0.625, 0.75, 7.875],
			"to": [2.125, 1.46875, 8.875],
			"faces": {
				"north": {"uv": [4, 14.5, 5.5, 15.21875], "texture": "#1"},
				"east": {"uv": [4, 14.5, 5, 15.21875], "texture": "#1"},
				"south": {"uv": [4, 14.5, 5.5, 15.21875], "texture": "#1"},
				"west": {"uv": [4, 14.5, 5, 15.21875], "texture": "#1"},
				"up": {"uv": [4.5, 5, 6, 6], "texture": "#1"},
				"down": {"uv": [4, 14.5, 5.5, 15.5], "texture": "#1"}
			}
		},
		{
			"name": "sfulua",
			"from": [6.125, 0.75, 12],
			"to": [8.125, 1.53125, 13],
			"faces": {
				"north": {"uv": [4, 14, 6, 14.78125], "texture": "#1"},
				"east": {"uv": [4, 14, 5, 14.78125], "texture": "#1"},
				"south": {"uv": [4, 14, 6, 14.78125], "texture": "#1"},
				"west": {"uv": [4, 14, 5, 14.78125], "texture": "#1"},
				"up": {"uv": [4, 14, 6, 15], "texture": "#1"},
				"down": {"uv": [4, 14, 6, 15], "texture": "#1"}
			}
		},
		{
			"name": "sfulub",
			"from": [4.625, 0.75, 12.5],
			"to": [6.125, 1.34375, 13.5],
			"faces": {
				"north": {"uv": [4, 14, 5.5, 14.59375], "texture": "#1"},
				"east": {"uv": [4, 14, 5, 14.59375], "texture": "#1"},
				"south": {"uv": [4, 14, 5.5, 14.59375], "texture": "#1"},
				"west": {"uv": [4, 14, 5, 14.59375], "texture": "#1"},
				"up": {"uv": [4, 14, 5.5, 15], "texture": "#1"},
				"down": {"uv": [4, 14, 5.5, 15], "texture": "#1"}
			}
		},
		{
			"name": "sfuluc",
			"from": [2.125, 0.75, 12.875],
			"to": [4.625, 1.09375, 13.875],
			"faces": {
				"north": {"uv": [4, 15, 5.5, 16], "texture": "#1"},
				"east": {"uv": [4, 15, 5.5, 16], "texture": "#1"},
				"south": {"uv": [4, 15, 5.5, 16], "texture": "#1"},
				"west": {"uv": [4, 15, 5.5, 16], "texture": "#1"},
				"up": {"uv": [4, 15, 5.5, 16], "texture": "#1"},
				"down": {"uv": [4, 15, 5.5, 16], "texture": "#1"}
			}
		},
		{
			"name": "sfulud",
			"from": [0.625, 0.75, 13.875],
			"to": [3.125, 0.84375, 14.625],
			"faces": {
				"north": {"uv": [4, 14, 6, 16], "texture": "#1"},
				"east": {"uv": [4, 14, 6, 16], "texture": "#1"},
				"south": {"uv": [4, 14, 6, 16], "texture": "#1"},
				"west": {"uv": [4, 14, 6, 16], "texture": "#1"},
				"up": {"uv": [4, 14, 6, 16], "texture": "#1"},
				"down": {"uv": [4, 14, 6, 16], "texture": "#1"}
			}
		},
		{
			"name": "sfurua",
			"from": [10.125, 0.75, 12],
			"to": [13.125, 1.53125, 13],
			"faces": {
				"north": {"uv": [4, 7, 6, 8], "texture": "#1"},
				"east": {"uv": [4, 7, 6, 8], "texture": "#1"},
				"south": {"uv": [4, 7, 6, 8], "texture": "#1"},
				"west": {"uv": [4, 7, 6, 8], "texture": "#1"},
				"up": {"uv": [4, 7, 6, 8], "texture": "#1"},
				"down": {"uv": [4, 7, 6, 8], "texture": "#1"}
			}
		},
		{
			"name": "sfurub",
			"from": [13.125, 0.75, 12.75],
			"to": [14.625, 1.15625, 13.75],
			"faces": {
				"north": {"uv": [4, 7, 5.5, 7.40625], "texture": "#1"},
				"east": {"uv": [4, 7, 5, 7.40625], "texture": "#1"},
				"south": {"uv": [4, 7, 5.5, 7.40625], "texture": "#1"},
				"west": {"uv": [4, 7, 5, 7.40625], "texture": "#1"},
				"up": {"uv": [4, 7, 5.5, 8], "texture": "#1"},
				"down": {"uv": [4, 7, 5.5, 8], "texture": "#1"}
			}
		},
		{
			"name": "sfuruc",
			"from": [14.625, 0.75, 13.5],
			"to": [16.625, 1.46875, 14.5],
			"faces": {
				"north": {"uv": [4, 7, 6, 7.71875], "texture": "#1"},
				"east": {"uv": [4, 7, 5, 7.71875], "texture": "#1"},
				"south": {"uv": [4, 7, 6, 7.71875], "texture": "#1"},
				"west": {"uv": [4, 7, 5, 7.71875], "texture": "#1"},
				"up": {"uv": [4, 7, 6, 8], "texture": "#1"},
				"down": {"uv": [4, 7, 6, 8], "texture": "#1"}
			}
		},
		{
			"name": "sfurud",
			"from": [16.125, 0.75, 14.5],
			"to": [17.625, 1.34375, 15.25],
			"faces": {
				"north": {"uv": [4, 7, 5.5, 7.59375], "texture": "#1"},
				"east": {"uv": [4, 7, 4.75, 7.59375], "texture": "#1"},
				"south": {"uv": [4, 7, 5.5, 7.59375], "texture": "#1"},
				"west": {"uv": [4, 7, 4.75, 7.59375], "texture": "#1"},
				"up": {"uv": [4, 7, 5.5, 7.75], "texture": "#1"},
				"down": {"uv": [4, 7, 5.5, 7.75], "texture": "#1"}
			}
		},
		{
			"name": "sfurma",
			"from": [10.125, 0.75, 5.5],
			"to": [13.125, 1.59375, 6.5],
			"faces": {
				"north": {"uv": [4, 15, 6, 16], "texture": "#1"},
				"east": {"uv": [4, 15, 6, 16], "texture": "#1"},
				"south": {"uv": [4, 15, 6, 16], "texture": "#1"},
				"west": {"uv": [4, 15, 6, 16], "texture": "#1"},
				"up": {"uv": [4, 15, 6, 16], "texture": "#1"},
				"down": {"uv": [4, 15, 6, 16], "texture": "#1"}
			}
		},
		{
			"name": "sfurmb",
			"from": [13.125, 0.75, 5.75],
			"to": [14.625, 1.34375, 6.75],
			"faces": {
				"north": {"uv": [4, 14, 5.5, 14.59375], "texture": "#1"},
				"east": {"uv": [4, 14, 5, 14.59375], "texture": "#1"},
				"south": {"uv": [4, 14, 5.5, 14.59375], "texture": "#1"},
				"west": {"uv": [4, 14, 5, 14.59375], "texture": "#1"},
				"up": {"uv": [4, 14, 5.5, 15], "texture": "#1"},
				"down": {"uv": [4, 14, 5.5, 15], "texture": "#1"}
			}
		},
		{
			"name": "sfurmc",
			"from": [14.625, 0.75, 6.5],
			"to": [16.625, 1.03125, 7.3],
			"faces": {
				"north": {"uv": [4, 14, 6, 14.28125], "texture": "#1"},
				"east": {"uv": [4, 14, 4.8, 14.28125], "texture": "#1"},
				"south": {"uv": [4, 14, 6, 14.28125], "texture": "#1"},
				"west": {"uv": [4, 14, 4.8, 14.28125], "texture": "#1"},
				"up": {"uv": [4, 14, 6, 14.8], "texture": "#1"},
				"down": {"uv": [4, 14, 6, 14.8], "texture": "#1"}
			}
		},
		{
			"name": "sfurmd",
			"from": [16.125, 0.75, 7.3],
			"to": [18.125, 1.34375, 8.05],
			"faces": {
				"north": {"uv": [4, 14, 6, 14.59375], "texture": "#1"},
				"east": {"uv": [4, 14, 4.75, 14.59375], "texture": "#1"},
				"south": {"uv": [4, 14, 6, 14.59375], "texture": "#1"},
				"west": {"uv": [4, 14, 4.75, 14.59375], "texture": "#1"},
				"up": {"uv": [4, 14, 6, 14.75], "texture": "#1"},
				"down": {"uv": [4, 14, 6, 14.75], "texture": "#1"}
			}
		},
		{
			"name": "sfurda",
			"from": [10.125, 0.75, 0],
			"to": [13.125, 1.59375, 0.5],
			"faces": {
				"north": {"uv": [4, 15, 6, 16], "texture": "#1"},
				"east": {"uv": [4, 15, 6, 16], "texture": "#1"},
				"south": {"uv": [4, 15, 6, 16], "texture": "#1"},
				"west": {"uv": [4, 15, 6, 16], "texture": "#1"},
				"up": {"uv": [4, 15, 6, 16], "texture": "#1"},
				"down": {"uv": [4, 15, 6, 16], "texture": "#1"}
			}
		},
		{
			"name": "sfurdb",
			"from": [13.125, 0.75, -0.75],
			"to": [14.625, 1.34375, 0.25],
			"faces": {
				"north": {"uv": [4, 14, 5.5, 14.59375], "texture": "#1"},
				"east": {"uv": [4, 14, 5, 14.59375], "texture": "#1"},
				"south": {"uv": [4, 14, 5.5, 14.59375], "texture": "#1"},
				"west": {"uv": [4, 14, 5, 14.59375], "texture": "#1"},
				"up": {"uv": [4, 14, 5.5, 15], "texture": "#1"},
				"down": {"uv": [4, 14, 5.5, 15], "texture": "#1"}
			}
		},
		{
			"name": "sfurdc",
			"from": [14.625, 0.75, -0.25],
			"to": [16.625, 1.03125, 1.05],
			"faces": {
				"north": {"uv": [4, 14, 6, 14.28125], "texture": "#1"},
				"east": {"uv": [4, 14, 5.3, 14.28125], "texture": "#1"},
				"south": {"uv": [4, 14, 6, 14.28125], "texture": "#1"},
				"west": {"uv": [4, 14, 5.3, 14.28125], "texture": "#1"},
				"up": {"uv": [4, 14, 6, 15.3], "texture": "#1"},
				"down": {"uv": [4, 14, 6, 15.3], "texture": "#1"}
			}
		},
		{
			"name": "sfurdd",
			"from": [16.625, 0.75, 0.3],
			"to": [17.625, 1.34375, 1.05],
			"faces": {
				"north": {"uv": [4, 14, 5, 14.59375], "texture": "#1"},
				"east": {"uv": [4, 14, 4.75, 14.59375], "texture": "#1"},
				"south": {"uv": [4, 14, 5, 14.59375], "texture": "#1"},
				"west": {"uv": [4, 14, 4.75, 14.59375], "texture": "#1"},
				"up": {"uv": [4, 14, 5, 14.75], "texture": "#1"},
				"down": {"uv": [4, 14, 5, 14.75], "texture": "#1"}
			}
		},
		{
			"name": "sfdm",
			"from": [8.125, -1.6875, 0],
			"to": [10.125, -0.125, 16],
			"faces": {
				"north": {"uv": [4, 3, 6, 16], "texture": "#1"},
				"east": {"uv": [4, 3, 6, 16], "texture": "#1"},
				"south": {"uv": [4, 3, 6, 16], "texture": "#1"},
				"west": {"uv": [4, 3, 6, 16], "texture": "#1"},
				"up": {"uv": [4, 3, 6, 16], "texture": "#1"},
				"down": {"uv": [4, 3, 6, 16], "texture": "#1"}
			}
		},
		{
			"name": "sfdum",
			"from": [8.125, -1.0625, 16],
			"to": [10.125, -0.375, 19.5],
			"faces": {
				"north": {"uv": [4, 12.5, 6, 16], "texture": "#1"},
				"east": {"uv": [4, 12.5, 6, 16], "texture": "#1"},
				"south": {"uv": [4, 12.5, 6, 16], "texture": "#1"},
				"west": {"uv": [4, 12.5, 6, 16], "texture": "#1"},
				"up": {"uv": [4, 12.5, 6, 16], "texture": "#1"},
				"down": {"uv": [4, 12.5, 6, 16], "texture": "#1"}
			}
		},
		{
			"name": "sfdlma",
			"from": [6.125, -1.84375, 5.5],
			"to": [8.125, -0.75, 6.5],
			"faces": {
				"north": {"uv": [4, 3, 6, 4.09375], "texture": "#1"},
				"east": {"uv": [4, 3, 5, 4.09375], "texture": "#1"},
				"south": {"uv": [4, 3, 6, 4.09375], "texture": "#1"},
				"west": {"uv": [4, 3, 5, 4.09375], "texture": "#1"},
				"up": {"uv": [4, 3, 6, 4], "texture": "#1"},
				"down": {"uv": [4, 3, 6, 4], "texture": "#1"}
			}
		},
		{
			"name": "sfdlmb",
			"from": [4.125, -1.34375, 5.6875],
			"to": [6.125, -0.75, 6.6875],
			"faces": {
				"north": {"uv": [4, 3, 6, 3.59375], "texture": "#1"},
				"east": {"uv": [4, 3, 5, 3.59375], "texture": "#1"},
				"south": {"uv": [4, 3, 6, 3.59375], "texture": "#1"},
				"west": {"uv": [4, 3, 5, 3.59375], "texture": "#1"},
				"up": {"uv": [4, 3, 6, 4], "texture": "#1"},
				"down": {"uv": [4, 3, 6, 4], "texture": "#1"}
			}
		},
		{
			"name": "sfdlmc",
			"from": [2.125, -1.34375, 6.3125],
			"to": [4.125, -0.75, 7.3125],
			"faces": {
				"north": {"uv": [4, 3, 6, 3.59375], "texture": "#1"},
				"east": {"uv": [4, 3, 5, 3.59375], "texture": "#1"},
				"south": {"uv": [4, 3, 6, 3.59375], "texture": "#1"},
				"west": {"uv": [4, 3, 5, 3.59375], "texture": "#1"},
				"up": {"uv": [4, 3, 6, 4], "texture": "#1"},
				"down": {"uv": [4, 3, 6, 4], "texture": "#1"}
			}
		},
		{
			"name": "sfdlmd",
			"from": [0.625, -1.15625, 7],
			"to": [2.125, -0.75, 8],
			"faces": {
				"north": {"uv": [4, 3, 5.5, 3.40625], "texture": "#1"},
				"east": {"uv": [4, 3, 5, 3.40625], "texture": "#1"},
				"south": {"uv": [4, 3, 5.5, 3.40625], "texture": "#1"},
				"west": {"uv": [4, 3, 5, 3.40625], "texture": "#1"},
				"up": {"uv": [4, 3, 5.5, 4], "texture": "#1"},
				"down": {"uv": [4, 3, 5.5, 4], "texture": "#1"}
			}
		},
		{
			"name": "sfdlua",
			"from": [6.125, -1.34375, 12.1875],
			"to": [8.125, -0.75, 13.1875],
			"faces": {
				"north": {"uv": [4, 12, 6, 12.59375], "texture": "#1"},
				"east": {"uv": [4, 12, 5, 12.59375], "texture": "#1"},
				"south": {"uv": [4, 12, 6, 12.59375], "texture": "#1"},
				"west": {"uv": [4, 12, 5, 12.59375], "texture": "#1"},
				"up": {"uv": [4, 12, 6, 13], "texture": "#1"},
				"down": {"uv": [4, 12, 6, 13], "texture": "#1"}
			}
		},
		{
			"name": "sfdlub",
			"from": [4.625, -0.84375, 12.5],
			"to": [6.125, -0.75, 13.5],
			"faces": {
				"north": {"uv": [4, 12, 6, 13], "texture": "#1"},
				"east": {"uv": [4, 12, 6, 13], "texture": "#1"},
				"south": {"uv": [4, 12, 6, 13], "texture": "#1"},
				"west": {"uv": [4, 12, 6, 13], "texture": "#1"},
				"up": {"uv": [4, 12, 6, 13], "texture": "#1"},
				"down": {"uv": [4, 12, 6, 13], "texture": "#1"}
			}
		},
		{
			"name": "sfdluc",
			"from": [2.125, -1.34375, 12.875],
			"to": [4.625, -0.75, 13.875],
			"faces": {
				"north": {"uv": [4, 12, 5.5, 13], "texture": "#1"},
				"east": {"uv": [4, 12, 5.5, 13], "texture": "#1"},
				"south": {"uv": [4, 12, 5.5, 13], "texture": "#1"},
				"west": {"uv": [4, 12, 5.5, 13], "texture": "#1"},
				"up": {"uv": [4, 12, 5.5, 13], "texture": "#1"},
				"down": {"uv": [4, 12, 5.5, 13], "texture": "#1"}
			}
		},
		{
			"name": "sfdlud",
			"from": [0.625, -0.84375, 13.875],
			"to": [3.125, -0.75, 14.625],
			"faces": {
				"north": {"uv": [4, 12, 6, 13], "texture": "#1"},
				"east": {"uv": [4, 12, 6, 13], "texture": "#1"},
				"south": {"uv": [4, 12, 6, 13], "texture": "#1"},
				"west": {"uv": [4, 12, 6, 13], "texture": "#1"},
				"up": {"uv": [4, 12, 6, 13], "texture": "#1"},
				"down": {"uv": [4, 12, 6, 13], "texture": "#1"}
			}
		},
		{
			"name": "sfdrua",
			"from": [10.125, -1.34375, 12],
			"to": [13.125, -0.75, 13],
			"faces": {
				"north": {"uv": [4, 10, 6, 11], "texture": "#1"},
				"east": {"uv": [4, 10, 6, 11], "texture": "#1"},
				"south": {"uv": [4, 10, 6, 11], "texture": "#1"},
				"west": {"uv": [4, 10, 6, 11], "texture": "#1"},
				"up": {"uv": [4, 10, 6, 11], "texture": "#1"},
				"down": {"uv": [4, 10, 6, 11], "texture": "#1"}
			}
		},
		{
			"name": "sfdrub",
			"from": [13.125, -1.34375, 12.75],
			"to": [14.625, -0.75, 13.75],
			"faces": {
				"north": {"uv": [4, 10, 5.5, 10.59375], "texture": "#1"},
				"east": {"uv": [4, 10, 5, 10.59375], "texture": "#1"},
				"south": {"uv": [4, 10, 5.5, 10.59375], "texture": "#1"},
				"west": {"uv": [4, 10, 5, 10.59375], "texture": "#1"},
				"up": {"uv": [4, 10, 5.5, 11], "texture": "#1"},
				"down": {"uv": [4, 10, 5.5, 11], "texture": "#1"}
			}
		},
		{
			"name": "sfdruc",
			"from": [14.625, -0.84375, 13.5],
			"to": [16.625, -0.75, 14.5],
			"faces": {
				"north": {"uv": [4, 10, 6, 11], "texture": "#1"},
				"east": {"uv": [4, 10, 6, 11], "texture": "#1"},
				"south": {"uv": [4, 10, 6, 11], "texture": "#1"},
				"west": {"uv": [4, 10, 6, 11], "texture": "#1"},
				"up": {"uv": [4, 10, 6, 11], "texture": "#1"},
				"down": {"uv": [4, 10, 6, 11], "texture": "#1"}
			}
		},
		{
			"name": "sfdrud",
			"from": [16.3125, -0.84375, 14.5],
			"to": [17.8125, -0.75, 15.25],
			"faces": {
				"north": {"uv": [4, 10, 6, 11], "texture": "#1"},
				"east": {"uv": [4, 10, 6, 11], "texture": "#1"},
				"south": {"uv": [4, 10, 6, 11], "texture": "#1"},
				"west": {"uv": [4, 10, 6, 11], "texture": "#1"},
				"up": {"uv": [4, 10, 6, 11], "texture": "#1"},
				"down": {"uv": [4, 10, 6, 11], "texture": "#1"}
			}
		},
		{
			"name": "sfdrma",
			"from": [10.125, -1.84375, 6.25],
			"to": [13.125, -0.75, 7.25],
			"faces": {
				"north": {"uv": [4, 13, 6, 14], "texture": "#1"},
				"east": {"uv": [4, 13, 6, 14], "texture": "#1"},
				"south": {"uv": [4, 13, 6, 14], "texture": "#1"},
				"west": {"uv": [4, 13, 6, 14], "texture": "#1"},
				"up": {"uv": [4, 13, 6, 14], "texture": "#1"},
				"down": {"uv": [4, 13, 6, 14], "texture": "#1"}
			}
		},
		{
			"name": "sfdrmb",
			"from": [13.125, -1.40625, 6.6875],
			"to": [14.625, -0.75, 7.6875],
			"faces": {
				"north": {"uv": [4, 13, 5.5, 13.65625], "texture": "#1"},
				"east": {"uv": [4, 13, 5, 13.65625], "texture": "#1"},
				"south": {"uv": [4, 13, 5.5, 13.65625], "texture": "#1"},
				"west": {"uv": [4, 13, 5, 13.65625], "texture": "#1"},
				"up": {"uv": [4, 13, 5.5, 14], "texture": "#1"},
				"down": {"uv": [4, 13, 5.5, 14], "texture": "#1"}
			}
		},
		{
			"name": "sfdrmc",
			"from": [14.625, -1.34375, 7.6875],
			"to": [16.625, -0.75, 8.4875],
			"faces": {
				"north": {"uv": [4, 13, 6, 13.59375], "texture": "#1"},
				"east": {"uv": [4, 13, 4.8, 13.59375], "texture": "#1"},
				"south": {"uv": [4, 13, 6, 13.59375], "texture": "#1"},
				"west": {"uv": [4, 13, 4.8, 13.59375], "texture": "#1"},
				"up": {"uv": [4, 13, 6, 13.8], "texture": "#1"},
				"down": {"uv": [4, 13, 6, 13.8], "texture": "#1"}
			}
		},
		{
			"name": "sfdrmd",
			"from": [16.125, -0.84375, 8.4875],
			"to": [18.125, -0.75, 9.2375],
			"faces": {
				"north": {"uv": [4, 13, 6, 14], "texture": "#1"},
				"east": {"uv": [4, 13, 6, 14], "texture": "#1"},
				"south": {"uv": [4, 13, 6, 14], "texture": "#1"},
				"west": {"uv": [4, 13, 6, 14], "texture": "#1"},
				"up": {"uv": [4, 13, 6, 14], "texture": "#1"},
				"down": {"uv": [4, 13, 6, 14], "texture": "#1"}
			}
		},
		{
			"name": "sfdrda",
			"from": [10.125, -1.59375, 0],
			"to": [13.125, -0.75, 0.5],
			"faces": {
				"north": {"uv": [4, 16, 6, 15], "texture": "#1"},
				"east": {"uv": [4, 16, 6, 15], "texture": "#1"},
				"south": {"uv": [4, 16, 6, 15], "texture": "#1"},
				"west": {"uv": [4, 16, 6, 15], "texture": "#1"},
				"up": {"uv": [4, 16, 6, 15], "texture": "#1"},
				"down": {"uv": [4, 16, 6, 15], "texture": "#1"}
			}
		},
		{
			"name": "sfdrdb",
			"from": [13.125, -1.34375, -0.75],
			"to": [14.625, -0.75, 0.25],
			"faces": {
				"north": {"uv": [4, 14.59375, 5.5, 15.1875], "texture": "#1"},
				"east": {"uv": [4, 14.59375, 5, 15.1875], "texture": "#1"},
				"south": {"uv": [4, 14.59375, 5.5, 15.1875], "texture": "#1"},
				"west": {"uv": [4, 14.59375, 5, 15.1875], "texture": "#1"},
				"up": {"uv": [4, 15, 5.5, 16], "texture": "#1"},
				"down": {"uv": [4, 15, 5.5, 16], "texture": "#1"}
			}
		},
		{
			"name": "sfdrdc",
			"from": [14.625, -1.03125, -0.25],
			"to": [16.625, -0.75, 1.05],
			"faces": {
				"north": {"uv": [4, 14.28125, 6, 14.5625], "texture": "#1"},
				"east": {"uv": [4, 14.28125, 5.3, 14.5625], "texture": "#1"},
				"south": {"uv": [4, 14.28125, 6, 14.5625], "texture": "#1"},
				"west": {"uv": [4, 14.28125, 5.3, 14.5625], "texture": "#1"},
				"up": {"uv": [4, 14.7, 6, 16], "texture": "#1"},
				"down": {"uv": [4, 14.7, 6, 16], "texture": "#1"}
			}
		},
		{
			"name": "sfdrdd",
			"from": [16.625, -1.34375, 0.3],
			"to": [17.625, -0.75, 1.05],
			"faces": {
				"north": {"uv": [4, 14.59375, 5, 15.1875], "texture": "#1"},
				"east": {"uv": [4, 14.59375, 4.75, 15.1875], "texture": "#1"},
				"south": {"uv": [4, 14.59375, 5, 15.1875], "texture": "#1"},
				"west": {"uv": [4, 14.59375, 4.75, 15.1875], "texture": "#1"},
				"up": {"uv": [4, 14.75, 5, 15.5], "texture": "#1"},
				"down": {"uv": [4, 14.75, 5, 15.5], "texture": "#1"}
			}
		}
	],
	"display": {
		"thirdperson_righthand": {
			"scale": [1, 0.5, 1],
			"rotation": [89, -180, -29],
			"translation": [-0.5, 15, 4.5]
		},
		"firstperson_lefthand": {
			"scale": [1, 0.675, 0.9],
			"rotation": [-124, 0, -175],
			"translation": [11.5, 2, -7]
		},
		"head": {
			"translation": [-1, 15.5, 0]
		},
		"fixed": {
			"scale": [0.475, 0.5, 0.5],
			"rotation": [-90, -37.5, 0],
			"translation": [-0.5, -1, -4]
		},
		"ground": {
			"scale": [0.35, 0.35, 0.35],
			"rotation": [0, 0, 0],
			"translation": [0, 2, 0]
		},
		"thirdperson_lefthand": {
			"scale": [1, 0.5, 1],
			"rotation": [89, -180, -29],
			"translation": [-2, 14.5, 4]
		},
		"firstperson_righthand": {
			"scale": [1, 0.525, 0.9],
			"rotation": [-124, 0, -175],
			"translation": [11.5, 2, -5]
		},
		"gui": {
			"scale": [0.5, 0.3, 0.5],
			"rotation": [-124, -45, 0],
			"translation": [0.5, -2.5, 0]
		}
	},
	"groups": [
		{
			"name": "edge",
			"isOpen": true,
			"shade": true,
			"display": {
				"visibility": true,
				"autouv": true
			},
			"children": [0, 1, 2, 3, 4, 5, 6, 7, 8, 9, 10, 11]
		},
		{
			"name": "surfc",
			"isOpen": true,
			"shade": true,
			"display": {
				"visibility": true,
				"autouv": true
			},
			"children": [12, 13, 14, 15]
		},
		{
			"name": "deco",
			"isOpen": true,
			"shade": true,
			"display": {
				"visibility": true,
				"autouv": true
			},
			"children": [16, 17, 18, 19, 20, 21, 22, 23, 24, 25, 26, 27, 28, 29, 30, 31, 32, 33, 34, 35, 36, 37, 38, 39, 40, 41, 42, 43, 44, 45, 46, 47, 48, 49, 50, 51, 52, 53, 54, 55, 56, 57, 58, 59]
		}
	]
}