{
	"credit": "Made with Blockbench",
	"textures": {
		"0": "a/sheepoom",
		"particle": "a/sheepoom"
	},
	"elements": [
		{
			"name": "ld",
			"from": [8.17852, 1.60748, 2.80208],
			"to": [10.00752, 1.85548, 11.35208],
			"rotation": {"angle": 45, "axis": "z", "origin": [6.92442, 3.17589, 7.07708]},
			"faces": {
				"north": {"uv": [7.41406, 0.5, 4, 1.12344], "texture": "#0"},
				"east": {"uv": [16, 0, 7.45, 0.248], "texture": "#missing"},
				"south": {"uv": [7.32891, 0, 4, 0.74766], "texture": "#0"},
				"west": {"uv": [16, 0, 7.45, 0.248], "texture": "#missing"},
				"up": {"uv": [2.91406, 2.5, 2, 6.775], "texture": "#0"},
				"down": {"uv": [6.60156, 3, 4.1875, 11.775], "texture": "#0", "rotation": 180}
			}
		},
		{
			"name": "d",
			"from": [7.09077, 2.95385, 2.8025],
			"to": [8.91977, 3.20185, 11.3525],
			"rotation": {"angle": 0, "axis": "y", "origin": [7.07667, 3.53026, 7.0775]},
			"faces": {
				"north": {"uv": [7.41406, 0.5, 4, 1.12344], "texture": "#0"},
				"east": {"uv": [16, 0, 7.45, 0.248], "texture": "#missing"},
				"south": {"uv": [7.32891, 0, 4, 0.74766], "texture": "#0"},
				"west": {"uv": [16, 0, 7.45, 0.248], "texture": "#missing"},
				"up": {"uv": [1.91406, 0.5, 1, 4.775], "texture": "#0", "rotation": 180},
				"down": {"uv": [6.91406, 8, 4.5, 14.275], "texture": "#0"}
			}
		},
		{
			"name": "rd",
			"from": [5.09834, 3.21572, 2.80158],
			"to": [6.92734, 3.46372, 11.35158],
			"rotation": {"angle": -45, "axis": "z", "origin": [6.69344, 2.8873, 7.07658]},
			"faces": {
				"north": {"uv": [7.41406, 0.5, 4, 1.12344], "texture": "#0"},
				"east": {"uv": [16, 0, 7.45, 0.248], "texture": "#missing"},
				"south": {"uv": [7.32891, 0, 4, 0.74766], "texture": "#0"},
				"west": {"uv": [16, 0, 7.45, 0.248], "texture": "#missing"},
				"up": {"uv": [2.3895, 0, 1.475, 4.275], "texture": "#0"},
				"down": {"uv": [7.88906, 1.5, 5.475, 8.775], "texture": "#0"}
			}
		},
		{
			"name": "r",
			"from": [5.79805, 4.24763, 2.80079],
			"to": [6.04605, 6.07663, 11.35079],
			"rotation": {"angle": 0, "axis": "z", "origin": [5.22164, 4.23353, 7.07579]},
			"faces": {
				"north": {"uv": [7.41406, 0.5, 4, 1.12344], "texture": "#0", "rotation": 270},
				"east": {"uv": [1.829, 3, 0.9145, 7.275], "texture": "#0", "rotation": 90},
				"south": {"uv": [7.32891, 0, 4, 0.74766], "texture": "#0", "rotation": 90},
				"west": {"uv": [7.82734, 3.5, 4.41328, 11.775], "texture": "#0", "rotation": 90},
				"up": {"uv": [8.55, 0, 4.275, 0.124], "texture": "#0", "rotation": 90},
				"down": {"uv": [16, 0, 7.45, 0.248], "texture": "#missing", "rotation": 90}
			}
		},
		{
			"name": "l",
			"from": [9.96601, 4.24673, 2.80166],
			"to": [10.21401, 6.07573, 11.35166],
			"rotation": {"angle": 0, "axis": "z", "origin": [6.57443, 2.61783, 7.07666]},
			"faces": {
				"north": {"uv": [7.41406, 0.5, 4, 1.12344], "texture": "#0", "rotation": 90},
				"east": {"uv": [6.91406, 1, 4.5, 10.275], "texture": "#0", "rotation": 270},
				"south": {"uv": [7.32891, 0, 4, 0.74766], "texture": "#0", "rotation": 270},
				"west": {"uv": [2.91406, 4.5, 2, 8.775], "texture": "#0", "rotation": 270},
				"up": {"uv": [14.9625, 0, 10.6875, 0.124], "texture": "#0", "rotation": 270},
				"down": {"uv": [16, 0, 7.45, 0.248], "texture": "#missing", "rotation": 270}
			}
		},
		{
			"name": "lu",
			"from": [8.17976, 8.46779, 2.79947],
			"to": [10.00876, 8.71579, 11.34947],
			"rotation": {"angle": -45, "axis": "z", "origin": [6.92565, 7.14737, 7.07447]},
			"faces": {
				"north": {"uv": [7.41406, 0.5, 4, 1.12344], "texture": "#0"},
				"east": {"uv": [16, 0.5, 7.45, 0.748], "texture": "#missing"},
				"south": {"uv": [7.32891, 0, 4, 0.74766], "texture": "#0"},
				"west": {"uv": [16, 0.5, 7.45, 0.748], "texture": "#missing"},
				"up": {"uv": [6.91406, 5, 4.5, 11.775], "texture": "#0", "rotation": 180},
				"down": {"uv": [2.3895, 0.9375, 1.475, 5.2125], "texture": "#0"}
			}
		},
		{
			"name": "u",
			"from": [7.09217, 7.12193, 2.79947],
			"to": [8.92117, 7.36993, 11.34947],
			"rotation": {"angle": 0, "axis": "y", "origin": [7.07807, 6.79351, 7.07447]},
			"faces": {
				"north": {"uv": [7.41406, 0.5, 4, 1.12344], "texture": "#0", "cullface": "north"},
				"east": {"uv": [16, 0.5, 7.45, 0.748], "texture": "#missing", "cullface": "west"},
				"south": {"uv": [7.32891, 0, 4, 0.74766], "texture": "#0", "cullface": "south"},
				"west": {"uv": [16, 0.5, 7.45, 0.748], "texture": "#missing", "cullface": "east"},
				"up": {"uv": [6.41406, 6.5, 4, 13.775], "texture": "#0", "cullface": "up"},
				"down": {"uv": [0.91406, 4, 0, 8.275], "texture": "#0", "cullface": "down"}
			}
		},
		{
			"name": "tu",
			"from": [5.09902, 6.86035, 2.80017],
			"to": [6.92802, 7.10835, 11.35017],
			"rotation": {"angle": 45, "axis": "z", "origin": [6.69412, 7.43676, 7.07517]},
			"faces": {
				"north": {"uv": [7.41406, 0.5, 4, 1.12344], "texture": "#0"},
				"east": {"uv": [16, 0.5, 7.45, 0.748], "texture": "#missing"},
				"south": {"uv": [7.32891, 0, 4, 0.74766], "texture": "#0"},
				"west": {"uv": [16, 0.5, 7.45, 0.748], "texture": "#missing"},
				"up": {"uv": [7.38906, 0, 5.475, 6.775], "texture": "#0"},
				"down": {"uv": [2.3895, 0.9375, 1.475, 5.2125], "texture": "#0", "rotation": 180}
			}
		},
		{
			"name": "u",
			"from": [7.25, 7, 7.27],
			"to": [7.75, 7.1875, 8],
			"faces": {
				"north": {"uv": [10.75, 3, 10.5, 3.09375], "texture": "#0"},
				"east": {"uv": [10.865, 3, 10.5, 3.09375], "texture": "#0"},
				"south": {"uv": [10.75, 3, 10.5, 3.09375], "texture": "#0"},
				"west": {"uv": [10.865, 3, 10.5, 3.09375], "texture": "#0"},
				"up": {"uv": [11.25, 3, 11, 3.365], "texture": "#0"},
				"down": {"uv": [10.75, 3, 10.5, 3.365], "texture": "#0"}
			}
		},
		{
			"name": "u",
			"from": [7.75, 7, 2.89],
			"to": [8.25, 7.5, 3.62],
			"faces": {
				"north": {"uv": [8, 0, 9, 2.5], "texture": "#0"},
				"east": {"uv": [8, 0, 9, 2.5], "texture": "#0"},
				"south": {"uv": [8, 0, 9, 2.5], "texture": "#0"},
				"west": {"uv": [8, 0, 9, 2.5], "texture": "#0"},
				"up": {"uv": [8.5, 0.5, 9.5, 3], "texture": "#0"},
				"down": {"uv": [8, 0, 9, 2.5], "texture": "#0"}
			}
		},
		{
			"name": "u",
			"from": [6.75, 7, 3.62],
			"to": [7.625, 7.5, 4.35],
			"faces": {
				"north": {"uv": [8, 0, 9, 2.5], "texture": "#0"},
				"east": {"uv": [8, 0, 9, 2.5], "texture": "#0"},
				"south": {"uv": [8, 0, 9, 2.5], "texture": "#0"},
				"west": {"uv": [8, 0, 9, 2.5], "texture": "#0"},
				"up": {"uv": [8.5, 0.5, 9.5, 3], "texture": "#0"},
				"down": {"uv": [8, 0, 9, 2.5], "texture": "#0"}
			}
		},
		{
			"name": "u",
			"from": [7.75, 7, 6.54],
			"to": [8.25, 7.25, 7.27],
			"faces": {
				"north": {"uv": [9.25, 0, 9, 0.125], "texture": "#0"},
				"east": {"uv": [9.365, 0, 9, 0.125], "texture": "#0"},
				"south": {"uv": [9.25, 0, 9, 0.125], "texture": "#0"},
				"west": {"uv": [9.365, 0, 9, 0.125], "texture": "#0"},
				"up": {"uv": [9.75, 0.5, 9.5, 0.865], "texture": "#0"},
				"down": {"uv": [9.25, 0, 9, 0.365], "texture": "#0"}
			}
		},
		{
			"name": "u",
			"from": [8.25, 7, 5.81],
			"to": [8.75, 7.5, 6.54],
			"faces": {
				"north": {"uv": [8, 0, 9, 2.5], "texture": "#0"},
				"east": {"uv": [8, 0, 9, 2.5], "texture": "#0"},
				"south": {"uv": [8, 0, 9, 2.5], "texture": "#0"},
				"west": {"uv": [8, 0, 9, 2.5], "texture": "#0"},
				"up": {"uv": [8.5, 0.5, 9.5, 3], "texture": "#0"},
				"down": {"uv": [8, 0, 9, 2.5], "texture": "#0"}
			}
		},
		{
			"name": "u",
			"from": [8.25, 7, 9.46],
			"to": [8.75, 7.5, 10.19],
			"faces": {
				"north": {"uv": [8, 0, 9, 2.5], "texture": "#0"},
				"east": {"uv": [8, 0, 9, 2.5], "texture": "#0"},
				"south": {"uv": [8, 0, 9, 2.5], "texture": "#0"},
				"west": {"uv": [8, 0, 9, 2.5], "texture": "#0"},
				"up": {"uv": [8.5, 0.5, 9.5, 3], "texture": "#0"},
				"down": {"uv": [8, 0, 9, 2.5], "texture": "#0"}
			}
		},
		{
			"name": "u",
			"from": [7.25, 7, 4.93],
			"to": [7.75, 7.5, 5.66],
			"faces": {
				"north": {"uv": [8, 0, 9, 2.5], "texture": "#0"},
				"east": {"uv": [8, 0, 9, 2.5], "texture": "#0"},
				"south": {"uv": [8, 0, 9, 2.5], "texture": "#0"},
				"west": {"uv": [8, 0, 9, 2.5], "texture": "#0"},
				"up": {"uv": [8.5, 0.5, 9.5, 3], "texture": "#0"},
				"down": {"uv": [8, 0, 9, 2.5], "texture": "#0"}
			}
		},
		{
			"name": "u",
			"from": [7.25, 7, 8.73],
			"to": [7.75, 7.5, 9.46],
			"faces": {
				"north": {"uv": [9.25, 0, 9, 0.25], "texture": "#0"},
				"east": {"uv": [9.365, 0, 9, 0.25], "texture": "#0"},
				"south": {"uv": [9.25, 0, 9, 0.25], "texture": "#0"},
				"west": {"uv": [9.365, 0, 9, 0.25], "texture": "#0"},
				"up": {"uv": [9.75, 0.5, 9.5, 0.865], "texture": "#0"},
				"down": {"uv": [9.25, 0, 9, 0.365], "texture": "#0"}
			}
		},
		{
			"name": "u",
			"from": [8.25, 7, 3.85],
			"to": [8.75, 7.5, 4.58],
			"faces": {
				"north": {"uv": [8, 0, 8.25, 0.25], "texture": "#0"},
				"east": {"uv": [8, 0, 8.365, 0.25], "texture": "#0"},
				"south": {"uv": [8, 0, 8.25, 0.25], "texture": "#0"},
				"west": {"uv": [8, 0, 8.365, 0.25], "texture": "#0"},
				"up": {"uv": [8.5, 0.5, 8.75, 0.865], "texture": "#0"},
				"down": {"uv": [8, 0, 8.25, 0.365], "texture": "#0"}
			}
		},
		{
			"name": "ru",
			"from": [6.83672, 4.36414, 5.51765],
			"to": [7.33672, 5.17664, 6.97765],
			"rotation": {"angle": 45, "axis": "z", "origin": [4.08672, 5.61414, 0.77265]},
			"faces": {
				"north": {"uv": [8, 0.5, 8.75, 3.72969], "texture": "#0"},
				"east": {"uv": [8, 0.5, 8.75, 3.72969], "texture": "#0"},
				"south": {"uv": [8, 0.5, 8.75, 3.72969], "texture": "#0"},
				"west": {"uv": [8, 0.5, 8.75, 3.72969], "texture": "#0"},
				"up": {"uv": [8, 0.5, 8.75, 3.72969], "texture": "#0"},
				"down": {"uv": [8, 0.5, 8.75, 3.72969], "texture": "#0"}
			}
		},
		{
			"name": "ru",
			"from": [6.83672, 4.86414, 6.97765],
			"to": [7.33672, 5.11414, 7.70765],
			"rotation": {"angle": 45, "axis": "z", "origin": [4.08672, 5.61414, 0.77265]},
			"faces": {
				"north": {"uv": [8, 0, 9, 2.5], "texture": "#0"},
				"east": {"uv": [8, 0, 9, 2.5], "texture": "#0"},
				"south": {"uv": [8, 0, 9, 2.5], "texture": "#0"},
				"west": {"uv": [8, 0, 9, 2.5], "texture": "#0"},
				"up": {"uv": [8.5, 0.5, 9.5, 3], "texture": "#0"},
				"down": {"uv": [8, 0, 9, 2.5], "texture": "#0"}
			}
		},
		{
			"name": "ru",
			"from": [5.83672, 4.36414, 8.43765],
			"to": [6.33672, 5.30164, 9.16765],
			"rotation": {"angle": 45, "axis": "z", "origin": [4.08672, 5.61414, 0.77265]},
			"faces": {
				"north": {"uv": [8, 0.5, 8.75, 1.86484], "texture": "#0"},
				"east": {"uv": [8, 0.5, 8.75, 1.86484], "texture": "#0"},
				"south": {"uv": [8, 0.5, 8.75, 1.86484], "texture": "#0"},
				"west": {"uv": [8, 0.5, 8.75, 1.86484], "texture": "#0"},
				"up": {"uv": [8, 0.5, 8.75, 1.86484], "texture": "#0"},
				"down": {"uv": [8, 0.5, 8.75, 1.86484], "texture": "#0"}
			}
		},
		{
			"name": "ru",
			"from": [6.33672, 4.36414, 3.59765],
			"to": [6.83672, 5.30164, 4.32765],
			"rotation": {"angle": 45, "axis": "z", "origin": [4.08672, 5.61414, 0.77265]},
			"faces": {
				"north": {"uv": [8, 0, 8.25, 0.46875], "texture": "#0"},
				"east": {"uv": [8, 0, 8.365, 0.46875], "texture": "#0"},
				"south": {"uv": [8, 0, 8.25, 0.46875], "texture": "#0"},
				"west": {"uv": [8, 0, 8.365, 0.46875], "texture": "#0"},
				"up": {"uv": [8.5, 0.5, 8.75, 0.865], "texture": "#0"},
				"down": {"uv": [8, 0, 8.25, 0.365], "texture": "#0"}
			}
		},
		{
			"name": "ru",
			"from": [6.33672, 4.36414, 6.74765],
			"to": [6.83672, 5.23914, 9.66765],
			"rotation": {"angle": 45, "axis": "z", "origin": [4.08672, 5.61414, 0.77265]},
			"faces": {
				"north": {"uv": [9, 1, 9.75, 6.95938], "texture": "#0"},
				"east": {"uv": [9, 1, 9.75, 6.95938], "texture": "#0"},
				"south": {"uv": [9, 1, 9.75, 6.95938], "texture": "#0"},
				"west": {"uv": [9, 1, 9.75, 6.95938], "texture": "#0"},
				"up": {"uv": [9, 1, 9.75, 6.95938], "texture": "#0"},
				"down": {"uv": [9, 1, 9.75, 6.95938], "texture": "#0"}
			}
		},
		{
			"name": "lu",
			"from": [9.31488, 4.76355, 7.69942],
			"to": [9.81488, 5.26355, 8.42942],
			"rotation": {"angle": -45, "axis": "z", "origin": [11.56488, 5.26355, 0.76442]},
			"faces": {
				"north": {"uv": [9.75, 0.5, 8.5, 2.86484], "texture": "#0"},
				"east": {"uv": [9.75, 0.5, 8.5, 2.86484], "texture": "#0"},
				"south": {"uv": [9.75, 0.5, 8.5, 2.86484], "texture": "#0"},
				"west": {"uv": [9.75, 0.5, 8.5, 2.86484], "texture": "#0"},
				"up": {"uv": [9.75, 0.5, 8.5, 2.86484], "texture": "#0"},
				"down": {"uv": [9.75, 0.5, 8.5, 2.86484], "texture": "#0"}
			}
		},
		{
			"name": "lu",
			"from": [9.31488, 4.51355, 2.58942],
			"to": [9.81488, 5.01355, 3.31942],
			"rotation": {"angle": -45, "axis": "z", "origin": [11.56488, 5.26355, 0.76442]},
			"faces": {
				"north": {"uv": [8, 0, 9, 2.5], "texture": "#0"},
				"east": {"uv": [8, 0, 9, 2.5], "texture": "#0"},
				"south": {"uv": [8, 0, 9, 2.5], "texture": "#0"},
				"west": {"uv": [8, 0, 9, 2.5], "texture": "#0"},
				"up": {"uv": [8.5, 0.5, 9.5, 3], "texture": "#0"},
				"down": {"uv": [8, 0, 9, 2.5], "texture": "#0"}
			}
		},
		{
			"name": "lu",
			"from": [9.31488, 4.63855, 8.42942],
			"to": [9.81488, 5.26355, 9.15942],
			"rotation": {"angle": -45, "axis": "z", "origin": [11.56488, 5.26355, 0.76442]},
			"faces": {
				"north": {"uv": [9.75, 0.5, 8.5, 2.86484], "texture": "#0"},
				"east": {"uv": [9.75, 0.5, 8.5, 2.86484], "texture": "#0"},
				"south": {"uv": [9.75, 0.5, 8.5, 2.86484], "texture": "#0"},
				"west": {"uv": [9.75, 0.5, 8.5, 2.86484], "texture": "#0"},
				"up": {"uv": [9.75, 0.5, 8.5, 2.86484], "texture": "#0"},
				"down": {"uv": [9.75, 0.5, 8.5, 2.86484], "texture": "#0"}
			}
		},
		{
			"name": "lu",
			"from": [8.31488, 4.51355, 9.84942],
			"to": [8.81488, 5.01355, 10.57942],
			"rotation": {"angle": -45, "axis": "z", "origin": [11.56488, 5.26355, 0.76442]},
			"faces": {
				"north": {"uv": [8, 0, 9, 2.5], "texture": "#0"},
				"east": {"uv": [8, 0, 9, 2.5], "texture": "#0"},
				"south": {"uv": [8, 0, 9, 2.5], "texture": "#0"},
				"west": {"uv": [8, 0, 9, 2.5], "texture": "#0"},
				"up": {"uv": [8.5, 0.5, 9.5, 3], "texture": "#0"},
				"down": {"uv": [8, 0, 9, 2.5], "texture": "#0"}
			}
		},
		{
			"name": "lu",
			"from": [8.31488, 4.51355, 5.77942],
			"to": [8.81488, 5.01355, 6.78317],
			"rotation": {"angle": -45, "axis": "z", "origin": [11.56488, 5.26355, 0.76442]},
			"faces": {
				"north": {"uv": [8, 0, 8.25, 0.25], "texture": "#0"},
				"east": {"uv": [8, 0, 8.50188, 0.25], "texture": "#0"},
				"south": {"uv": [8, 0, 8.25, 0.25], "texture": "#0"},
				"west": {"uv": [8, 0, 8.50188, 0.25], "texture": "#0"},
				"up": {"uv": [8.5, 0.5, 8.75, 1.00188], "texture": "#0"},
				"down": {"uv": [8, 0, 8.25, 0.50188], "texture": "#0"}
			}
		},
		{
			"name": "rd",
			"from": [5.75, 4.625, 6.77],
			"to": [6.75, 5.1875, 10.42],
			"rotation": {"angle": -45, "axis": "z", "origin": [4.75, 3.75, 9.095]},
			"faces": {
				"north": {"uv": [8, 0, 8.5, 0.25], "texture": "#0"},
				"east": {"uv": [8, 0, 9.25, 0.25], "texture": "#0"},
				"south": {"uv": [8, 0, 8.5, 0.25], "texture": "#0"},
				"west": {"uv": [8, 0, 9.25, 0.25], "texture": "#0"},
				"up": {"uv": [8.5, 0.5, 9, 1.75], "texture": "#0"},
				"down": {"uv": [8, 0, 9.5, 2.25], "texture": "#0"}
			}
		},
		{
			"name": "rd",
			"from": [5.75, 5, 7.27],
			"to": [6.25, 5.5, 8],
			"rotation": {"angle": -45, "axis": "z", "origin": [4.5, 4.25, 7.635]},
			"faces": {
				"north": {"uv": [10, 3, 10.25, 3.25], "texture": "#0"},
				"east": {"uv": [10, 3, 10.25, 3.25], "texture": "#0"},
				"south": {"uv": [10, 3, 10.25, 3.25], "texture": "#0"},
				"west": {"uv": [10, 3, 10.25, 3.25], "texture": "#0"},
				"up": {"uv": [10, 3, 10.25, 3.25], "texture": "#0"},
				"down": {"uv": [8, 0, 9.5, 2.25], "texture": "#0"}
			}
		},
		{
			"name": "rd",
			"from": [6.25, 4.5, 2.89],
			"to": [6.75, 5, 3.62],
			"rotation": {"angle": -45, "axis": "z", "origin": [5, 3.75, 3.255]},
			"faces": {
				"north": {"uv": [8, 0, 9, 0.75], "texture": "#0"},
				"east": {"uv": [8, 0, 9, 0.75], "texture": "#0"},
				"south": {"uv": [8, 0, 9, 0.75], "texture": "#0"},
				"west": {"uv": [8, 0, 9, 0.75], "texture": "#0"},
				"up": {"uv": [8, 0, 9, 0.75], "texture": "#0"},
				"down": {"uv": [8, 0, 9, 0.75], "texture": "#0"}
			}
		},
		{
			"name": "rd",
			"from": [5.75, 5, 3.62],
			"to": [6.625, 5.5, 4.35],
			"rotation": {"angle": -45, "axis": "z", "origin": [4.1875, 3.75, 3.985]},
			"faces": {
				"north": {"uv": [8, 0, 9, 0.75], "texture": "#0"},
				"east": {"uv": [8, 0, 9, 0.75], "texture": "#0"},
				"south": {"uv": [8, 0, 9, 0.75], "texture": "#0"},
				"west": {"uv": [8, 0, 9, 0.75], "texture": "#0"},
				"up": {"uv": [8, 0, 9, 0.75], "texture": "#0"},
				"down": {"uv": [8, 0, 9, 0.75], "texture": "#0"}
			}
		},
		{
			"name": "rd",
			"from": [6.25, 5, 6.54],
			"to": [6.75, 5.25, 7.27],
			"rotation": {"angle": -45, "axis": "z", "origin": [5, 4.125, 6.905]},
			"faces": {
				"north": {"uv": [8, 0, 8.25, 0.125], "texture": "#0"},
				"east": {"uv": [8, 0, 8.25, 0.125], "texture": "#0"},
				"south": {"uv": [8, 0, 8.25, 0.125], "texture": "#0"},
				"west": {"uv": [8, 0, 8.25, 0.125], "texture": "#0"},
				"up": {"uv": [8.5, 0.5, 8.75, 0.75], "texture": "#0"},
				"down": {"uv": [8, 0, 9.5, 2.25], "texture": "#0"}
			}
		},
		{
			"name": "rd",
			"from": [6.75, 4.5, 5.81],
			"to": [7.25, 5, 6.54],
			"rotation": {"angle": -45, "axis": "z", "origin": [5.5, 3.75, 6.175]},
			"faces": {
				"north": {"uv": [8, 0, 8.25, 0.25], "texture": "#0"},
				"east": {"uv": [8, 0, 8.25, 0.25], "texture": "#0"},
				"south": {"uv": [8, 0, 8.25, 0.25], "texture": "#0"},
				"west": {"uv": [8, 0, 8.25, 0.25], "texture": "#0"},
				"up": {"uv": [8.5, 0.5, 8.75, 0.75], "texture": "#0"},
				"down": {"uv": [8, 0, 9.5, 2.25], "texture": "#0"}
			}
		},
		{
			"name": "rd",
			"from": [6.75, 4.5, 9.46],
			"to": [7.25, 5, 10.19],
			"rotation": {"angle": -45, "axis": "z", "origin": [5.5, 3.75, 9.825]},
			"faces": {
				"north": {"uv": [8, 0, 8.25, 0.25], "texture": "#0"},
				"east": {"uv": [8, 0, 8.25, 0.25], "texture": "#0"},
				"south": {"uv": [8, 0, 8.25, 0.25], "texture": "#0"},
				"west": {"uv": [8, 0, 8.25, 0.25], "texture": "#0"},
				"up": {"uv": [8.5, 0.5, 8.75, 0.75], "texture": "#0"},
				"down": {"uv": [8, 0, 9.5, 2.25], "texture": "#0"}
			}
		},
		{
			"name": "rd",
			"from": [5.75, 4.5625, 4.93],
			"to": [6.25, 5, 5.66],
			"rotation": {"angle": -45, "axis": "z", "origin": [4.5, 3.75, 1.795]},
			"faces": {
				"north": {"uv": [8, 0, 9, 0.75], "texture": "#0"},
				"east": {"uv": [8, 0, 9, 0.75], "texture": "#0"},
				"south": {"uv": [8, 0, 9, 0.75], "texture": "#0"},
				"west": {"uv": [8, 0, 9, 0.75], "texture": "#0"},
				"up": {"uv": [8, 0, 9, 0.75], "texture": "#0"},
				"down": {"uv": [8, 0, 9, 0.75], "texture": "#0"}
			}
		},
		{
			"name": "rd",
			"from": [5.75, 5, 8.73],
			"to": [6.25, 5.5, 9.46],
			"rotation": {"angle": -45, "axis": "z", "origin": [4.5, 4.25, 9.095]},
			"faces": {
				"north": {"uv": [8, 0, 8.25, 0.25], "texture": "#0"},
				"east": {"uv": [8, 0, 8.25, 0.25], "texture": "#0"},
				"south": {"uv": [8, 0, 8.25, 0.25], "texture": "#0"},
				"west": {"uv": [8, 0, 8.25, 0.25], "texture": "#0"},
				"up": {"uv": [8.5, 0.5, 8.75, 0.75], "texture": "#0"},
				"down": {"uv": [8, 0, 9.5, 2.25], "texture": "#0"}
			}
		},
		{
			"name": "rd",
			"from": [6.75, 4.5, 4.35],
			"to": [7.25, 5, 5.08],
			"rotation": {"angle": -45, "axis": "z", "origin": [5.5, 3.75, 4.715]},
			"faces": {
				"north": {"uv": [8, 0, 8.25, 0.25], "texture": "#0"},
				"east": {"uv": [8, 0, 8.25, 0.25], "texture": "#0"},
				"south": {"uv": [8, 0, 8.25, 0.25], "texture": "#0"},
				"west": {"uv": [8, 0, 8.25, 0.25], "texture": "#0"},
				"up": {"uv": [8.5, 0.5, 8.75, 0.75], "texture": "#0"},
				"down": {"uv": [8, 0, 9.5, 2.25], "texture": "#0"}
			}
		},
		{
			"name": "l",
			"from": [10.20608, 5.25109, 6.35249],
			"to": [10.58108, 5.75109, 7.08249],
			"faces": {
				"north": {"uv": [9.375, 0, 8, 1.5], "texture": "#0"},
				"east": {"uv": [9.375, 0, 8, 1.5], "texture": "#0"},
				"south": {"uv": [9.375, 0, 8, 1.5], "texture": "#0"},
				"west": {"uv": [9.375, 0, 8, 1.5], "texture": "#0"},
				"up": {"uv": [9.375, 0, 8, 1.5], "texture": "#0"},
				"down": {"uv": [9.375, 0, 8, 1.5], "texture": "#0"}
			}
		},
		{
			"name": "l",
			"from": [10.20608, 4.25109, 6.58249],
			"to": [10.51858, 4.75109, 7.85999],
			"faces": {
				"north": {"uv": [9.375, 0, 8, 1.5], "texture": "#0"},
				"east": {"uv": [10.375, 2.5, 9, 4], "texture": "#0"},
				"south": {"uv": [9.375, 0, 8, 1.5], "texture": "#0"},
				"west": {"uv": [9.375, 0, 8, 1.5], "texture": "#0"},
				"up": {"uv": [9.375, 0, 8, 1.5], "texture": "#0"},
				"down": {"uv": [9.375, 0, 8, 1.5], "texture": "#0"}
			}
		},
		{
			"name": "l",
			"from": [10.20608, 4.75109, 10.61249],
			"to": [10.45608, 5.25109, 11.34249],
			"faces": {
				"north": {"uv": [9.375, 0, 8, 1.5], "texture": "#0"},
				"east": {"uv": [9.375, 0, 8, 1.5], "texture": "#0"},
				"south": {"uv": [9.375, 0, 8, 1.5], "texture": "#0"},
				"west": {"uv": [9.375, 0, 8, 1.5], "texture": "#0"},
				"up": {"uv": [9.375, 0, 8, 1.5], "texture": "#0"},
				"down": {"uv": [9.375, 0, 8, 1.5], "texture": "#0"}
			}
		},
		{
			"name": "l",
			"from": [10.20608, 4.75109, 4.12249],
			"to": [10.70608, 5.25109, 4.85249],
			"faces": {
				"north": {"uv": [8.5, 1.5, 9.36484, 3.25], "texture": "#0"},
				"east": {"uv": [8.5, 1.5, 9.36484, 3.25], "texture": "#0"},
				"south": {"uv": [8.5, 1.5, 9.36484, 3.25], "texture": "#0"},
				"west": {"uv": [8.5, 1.5, 9.36484, 3.25], "texture": "#0"},
				"up": {"uv": [8.5, 1.5, 9.36484, 3.25], "texture": "#0"},
				"down": {"uv": [8.5, 1.5, 9.36484, 3.25], "texture": "#0"}
			}
		},
		{
			"name": "r",
			"from": [5.54744, 4.7498, 5.48674],
			"to": [5.79744, 5.2498, 5.98674],
			"faces": {
				"north": {"uv": [12, 4, 13, 5], "texture": "#0"},
				"east": {"uv": [12, 4, 13, 5], "texture": "#0"},
				"south": {"uv": [12, 4, 13, 5], "texture": "#0"},
				"west": {"uv": [12, 4, 13, 5], "texture": "#0"},
				"up": {"uv": [12, 4, 13, 5], "texture": "#0"},
				"down": {"uv": [12, 4, 13, 5], "texture": "#0"}
			}
		},
		{
			"name": "r",
			"from": [5.54744, 4.7498, 9.48674],
			"to": [5.79744, 5.2498, 9.98674],
			"faces": {
				"north": {"uv": [11, 1, 12, 2], "texture": "#0"},
				"east": {"uv": [11, 1, 12, 2], "texture": "#0"},
				"south": {"uv": [11, 1, 12, 2], "texture": "#0"},
				"west": {"uv": [11, 1, 12, 2], "texture": "#0"},
				"up": {"uv": [11, 1, 12, 2], "texture": "#0"},
				"down": {"uv": [11, 1, 12, 2], "texture": "#0"}
			}
		},
		{
			"name": "r",
			"from": [5.54744, 4.7498, 8.48674],
			"to": [5.79744, 5.2498, 8.98674],
			"faces": {
				"north": {"uv": [12, 5, 13, 6], "texture": "#0"},
				"east": {"uv": [12, 5, 13, 6], "texture": "#0"},
				"south": {"uv": [12, 5, 13, 6], "texture": "#0"},
				"west": {"uv": [12, 5, 13, 6], "texture": "#0"},
				"up": {"uv": [12, 5, 13, 6], "texture": "#0"},
				"down": {"uv": [12, 5, 13, 6], "texture": "#0"}
			}
		},
		{
			"name": "r",
			"from": [5.54744, 4.7498, 7.48674],
			"to": [5.79744, 5.2498, 7.98674],
			"faces": {
				"north": {"uv": [12, 1, 13, 2], "texture": "#0"},
				"east": {"uv": [12, 1, 13, 2], "texture": "#0"},
				"south": {"uv": [12, 1, 13, 2], "texture": "#0"},
				"west": {"uv": [12, 1, 13, 2], "texture": "#0"},
				"up": {"uv": [12, 1, 13, 2], "texture": "#0"},
				"down": {"uv": [12, 1, 13, 2], "texture": "#0"}
			}
		},
		{
			"name": "r",
			"from": [5.54744, 4.7498, 6.48674],
			"to": [5.79744, 5.2498, 6.98674],
			"faces": {
				"north": {"uv": [12, 3, 13, 4], "texture": "#0"},
				"east": {"uv": [12, 3, 13, 4], "texture": "#0"},
				"south": {"uv": [12, 3, 13, 4], "texture": "#0"},
				"west": {"uv": [12, 3, 13, 4], "texture": "#0"},
				"up": {"uv": [12, 3, 13, 4], "texture": "#0"},
				"down": {"uv": [12, 3, 13, 4], "texture": "#0"}
			}
		},
		{
			"name": "r",
			"from": [5.54744, 4.7498, 4.48674],
			"to": [5.79744, 5.2498, 4.98674],
			"faces": {
				"north": {"uv": [12, 2, 13, 3], "texture": "#0"},
				"east": {"uv": [12, 2, 13, 3], "texture": "#0"},
				"south": {"uv": [12, 2, 13, 3], "texture": "#0"},
				"west": {"uv": [12, 2, 13, 3], "texture": "#0"},
				"up": {"uv": [12, 2, 13, 3], "texture": "#0"},
				"down": {"uv": [12, 2, 13, 3], "texture": "#0"}
			}
		},
		{
			"name": "r",
			"from": [5.54744, 4.7498, 3.48674],
			"to": [5.79744, 5.2498, 3.98674],
			"faces": {
				"north": {"uv": [12, 0, 13, 1], "texture": "#0"},
				"east": {"uv": [12, 0, 13, 1], "texture": "#0"},
				"south": {"uv": [12, 0, 13, 1], "texture": "#0"},
				"west": {"uv": [12, 0, 13, 1], "texture": "#0"},
				"up": {"uv": [12, 0, 13, 1], "texture": "#0"},
				"down": {"uv": [12, 0, 13, 1], "texture": "#0"}
			}
		},
		{
			"name": "m",
			"from": [8.19637, 1.15573, 4.98958],
			"to": [10.20827, 1.42853, 5.47708],
			"rotation": {"angle": 45, "axis": "z", "origin": [6.81686, 2.88098, 9.26458]},
			"faces": {
				"north": {"uv": [11.41406, 4.5, 9, 7.12344], "texture": "#0"},
				"east": {"uv": [11.41406, 4.5, 9, 7.12344], "texture": "#0"},
				"south": {"uv": [11.41406, 4.5, 9, 7.12344], "texture": "#0"},
				"west": {"uv": [11.41406, 4.5, 9, 7.12344], "texture": "#0"},
				"up": {"uv": [11.41406, 4.5, 9, 7.12344], "texture": "#0"},
				"down": {"uv": [11.41406, 4.5, 9, 7.12344], "texture": "#0", "rotation": 180}
			}
		},
		{
			"name": "m",
			"from": [6.99985, 2.63674, 4.99],
			"to": [9.01175, 2.90954, 5.4775],
			"rotation": {"angle": 0, "axis": "y", "origin": [6.98434, 3.27079, 9.265]},
			"faces": {
				"north": {"uv": [11.41406, 4.5, 9, 7.12344], "texture": "#0"},
				"east": {"uv": [11.41406, 4.5, 9, 7.12344], "texture": "#0"},
				"south": {"uv": [11.41406, 4.5, 9, 7.12344], "texture": "#0"},
				"west": {"uv": [11.41406, 4.5, 9, 7.12344], "texture": "#0"},
				"up": {"uv": [11.41406, 4.5, 9, 7.12344], "texture": "#0", "rotation": 180},
				"down": {"uv": [11.41406, 4.5, 9, 7.12344], "texture": "#0"}
			}
		},
		{
			"name": "m",
			"from": [4.80817, 2.92479, 4.98908],
			"to": [6.82007, 3.19759, 5.47658],
			"rotation": {"angle": -45, "axis": "z", "origin": [6.56278, 2.56353, 9.26408]},
			"faces": {
				"north": {"uv": [11.41406, 4.5, 9, 7.12344], "texture": "#0"},
				"east": {"uv": [11.41406, 4.5, 9, 7.12344], "texture": "#0"},
				"south": {"uv": [11.41406, 4.5, 9, 7.12344], "texture": "#0"},
				"west": {"uv": [11.41406, 4.5, 9, 7.12344], "texture": "#0"},
				"up": {"uv": [11.41406, 4.5, 9, 7.12344], "texture": "#0"},
				"down": {"uv": [11.41406, 4.5, 9, 7.12344], "texture": "#0"}
			}
		},
		{
			"name": "m",
			"from": [5.57786, 4.05989, 4.98829],
			"to": [5.85066, 6.07179, 5.47579],
			"rotation": {"angle": 0, "axis": "z", "origin": [4.9438, 4.04438, 9.26329]},
			"faces": {
				"north": {"uv": [11.41406, 4.5, 9, 7.12344], "texture": "#0", "rotation": 270},
				"east": {"uv": [11.41406, 4.5, 9, 7.12344], "texture": "#0", "rotation": 270},
				"south": {"uv": [11.41406, 4.5, 9, 7.12344], "texture": "#0", "rotation": 270},
				"west": {"uv": [11.41406, 4.5, 9, 7.12344], "texture": "#0", "rotation": 270},
				"up": {"uv": [11.41406, 4.5, 9, 7.12344], "texture": "#0", "rotation": 270},
				"down": {"uv": [11.41406, 4.5, 9, 7.12344], "texture": "#0", "rotation": 270}
			}
		},
		{
			"name": "m",
			"from": [10.16261, 4.0589, 4.98916],
			"to": [10.43541, 6.0708, 5.47666],
			"rotation": {"angle": 0, "axis": "z", "origin": [6.43187, 2.26711, 9.26416]},
			"faces": {
				"north": {"uv": [11.41406, 4.5, 9, 7.12344], "texture": "#0", "rotation": 90},
				"east": {"uv": [11.41406, 4.5, 9, 7.12344], "texture": "#0", "rotation": 90},
				"south": {"uv": [11.41406, 4.5, 9, 7.12344], "texture": "#0", "rotation": 90},
				"west": {"uv": [11.41406, 4.5, 9, 7.12344], "texture": "#0", "rotation": 90},
				"up": {"uv": [11.41406, 4.5, 9, 7.12344], "texture": "#0", "rotation": 90},
				"down": {"uv": [11.41406, 4.5, 9, 7.12344], "texture": "#0", "rotation": 90}
			}
		},
		{
			"name": "m",
			"from": [8.19774, 8.70207, 4.98697],
			"to": [10.20964, 8.97487, 5.47447],
			"rotation": {"angle": -45, "axis": "z", "origin": [6.81822, 7.24961, 9.26197]},
			"faces": {
				"north": {"uv": [11.41406, 4.5, 9, 7.12344], "texture": "#0"},
				"east": {"uv": [11.41406, 4.5, 9, 7.12344], "texture": "#0"},
				"south": {"uv": [11.41406, 4.5, 9, 7.12344], "texture": "#0"},
				"west": {"uv": [11.41406, 4.5, 9, 7.12344], "texture": "#0"},
				"up": {"uv": [11.41406, 4.5, 9, 7.12344], "texture": "#0", "rotation": 180},
				"down": {"uv": [11.41406, 4.5, 9, 7.12344], "texture": "#0"}
			}
		},
		{
			"name": "m",
			"from": [7.00139, 7.22162, 4.98697],
			"to": [9.01329, 7.49442, 5.47447],
			"rotation": {"angle": 0, "axis": "y", "origin": [6.98588, 6.86036, 9.26197]},
			"faces": {
				"north": {"uv": [11.41406, 4.5, 9, 7.12344], "texture": "#0", "cullface": "north"},
				"east": {"uv": [11.41406, 4.5, 9, 7.12344], "texture": "#0", "cullface": "north"},
				"south": {"uv": [11.41406, 4.5, 9, 7.12344], "texture": "#0", "cullface": "north"},
				"west": {"uv": [11.41406, 4.5, 9, 7.12344], "texture": "#0", "cullface": "north"},
				"up": {"uv": [11.41406, 4.5, 9, 7.12344], "texture": "#0", "cullface": "north"},
				"down": {"uv": [11.41406, 4.5, 9, 7.12344], "texture": "#0", "cullface": "north"}
			}
		},
		{
			"name": "m",
			"from": [4.80892, 6.93389, 4.98767],
			"to": [6.82082, 7.20668, 5.47517],
			"rotation": {"angle": 45, "axis": "z", "origin": [6.56353, 7.56794, 9.26267]},
			"faces": {
				"north": {"uv": [11.41406, 4.5, 9, 7.12344], "texture": "#0"},
				"east": {"uv": [11.41406, 4.5, 9, 7.12344], "texture": "#0"},
				"south": {"uv": [11.41406, 4.5, 9, 7.12344], "texture": "#0"},
				"west": {"uv": [11.41406, 4.5, 9, 7.12344], "texture": "#0"},
				"up": {"uv": [11.41406, 4.5, 9, 7.12344], "texture": "#0"},
				"down": {"uv": [11.41406, 4.5, 9, 7.12344], "texture": "#0", "rotation": 180}
			}
		},
		{
			"name": "f",
			"from": [8.16495, 1.87581, 2.48958],
			"to": [9.85495, 2.10496, 2.97708],
			"rotation": {"angle": 45, "axis": "z", "origin": [7.00616, 3.32502, 6.76458]},
			"faces": {
				"north": {"uv": [5.00595, 0.5, 4, 0.6364], "texture": "#0"},
				"east": {"uv": [7.9375, 0, 7.45, 0.2728], "texture": "#missing"},
				"south": {"uv": [5.00595, 0, 4, 0.1364], "texture": "#0"},
				"west": {"uv": [7.9375, 0, 7.45, 0.2728], "texture": "#missing"},
				"up": {"uv": [3.00595, 2.5, 2, 2.74375], "texture": "#0"},
				"down": {"uv": [5.19345, 3, 4.1875, 3.24375], "texture": "#0", "rotation": 180}
			}
		},
		{
			"name": "f",
			"from": [7.15987, 3.11986, 2.49],
			"to": [8.84987, 3.34901, 2.9775],
			"rotation": {"angle": 0, "axis": "y", "origin": [7.14684, 3.65246, 6.765]},
			"faces": {
				"north": {"uv": [5.00595, 0.5, 4, 0.6364], "texture": "#0"},
				"east": {"uv": [7.9375, 0, 7.45, 0.2728], "texture": "#missing"},
				"south": {"uv": [5.00595, 0, 4, 0.1364], "texture": "#0"},
				"west": {"uv": [7.9375, 0, 7.45, 0.2728], "texture": "#missing"},
				"up": {"uv": [2.00595, 0.5, 1, 0.74375], "texture": "#0", "rotation": 180},
				"down": {"uv": [5.50595, 8, 4.5, 8.24375], "texture": "#0"}
			}
		},
		{
			"name": "f",
			"from": [5.31887, 3.36183, 2.48908],
			"to": [7.00886, 3.59098, 2.97658],
			"rotation": {"angle": -45, "axis": "z", "origin": [6.79274, 3.05837, 6.76408]},
			"faces": {
				"north": {"uv": [5.00595, 0.5, 4, 0.6364], "texture": "#0"},
				"east": {"uv": [7.9375, 0, 7.45, 0.2728], "texture": "#missing"},
				"south": {"uv": [5.00595, 0, 4, 0.1364], "texture": "#0"},
				"west": {"uv": [7.9375, 0, 7.45, 0.2728], "texture": "#missing"},
				"up": {"uv": [2.48095, 0, 1.475, 0.24375], "texture": "#0"},
				"down": {"uv": [6.48095, 1.5, 5.475, 1.74375], "texture": "#0"}
			}
		},
		{
			"name": "f",
			"from": [5.9654, 4.31531, 2.48829],
			"to": [6.19455, 6.00531, 2.97579],
			"rotation": {"angle": 0, "axis": "z", "origin": [5.4328, 4.30228, 6.76329]},
			"faces": {
				"north": {"uv": [5.00595, 0.5, 4, 0.6364], "texture": "#0", "rotation": 270},
				"east": {"uv": [1.92045, 3, 0.9145, 3.24375], "texture": "#0", "rotation": 90},
				"south": {"uv": [5.00595, 0, 4, 0.1364], "texture": "#0", "rotation": 90},
				"west": {"uv": [5.41923, 3.5, 4.41328, 3.74375], "texture": "#0", "rotation": 90},
				"up": {"uv": [4.51875, 0, 4.275, 0.1364], "texture": "#0", "rotation": 90},
				"down": {"uv": [7.9375, 0, 7.45, 0.2728], "texture": "#missing", "rotation": 90}
			}
		},
		{
			"name": "f",
			"from": [9.81659, 4.31448, 2.48916],
			"to": [10.04575, 6.00447, 2.97666],
			"rotation": {"angle": 0, "axis": "z", "origin": [6.68277, 2.80937, 6.76416]},
			"faces": {
				"north": {"uv": [5.00595, 0.5, 4, 0.6364], "texture": "#0", "rotation": 90},
				"east": {"uv": [5.50595, 1, 4.5, 1.24375], "texture": "#0", "rotation": 270},
				"south": {"uv": [5.00595, 0, 4, 0.1364], "texture": "#0", "rotation": 270},
				"west": {"uv": [3.00595, 4.5, 2, 4.74375], "texture": "#0", "rotation": 270},
				"up": {"uv": [10.93125, 0, 10.6875, 0.1364], "texture": "#0", "rotation": 270},
				"down": {"uv": [7.9375, 0, 7.45, 0.2728], "texture": "#missing", "rotation": 270}
			}
		},
		{
			"name": "f",
			"from": [8.1661, 8.21474, 2.48697],
			"to": [9.85609, 8.44389, 2.97447],
			"rotation": {"angle": -45, "axis": "z", "origin": [7.0073, 6.99467, 6.76197]},
			"faces": {
				"north": {"uv": [5.00595, 0.5, 4, 0.6364], "texture": "#0"},
				"east": {"uv": [7.9375, 0.5, 7.45, 0.7728], "texture": "#missing"},
				"south": {"uv": [5.00595, 0, 4, 0.1364], "texture": "#0"},
				"west": {"uv": [7.9375, 0.5, 7.45, 0.7728], "texture": "#missing"},
				"up": {"uv": [5.50595, 5, 4.5, 5.24375], "texture": "#0", "rotation": 180},
				"down": {"uv": [2.48095, 0.9375, 1.475, 1.18125], "texture": "#0"}
			}
		},
		{
			"name": "f",
			"from": [7.16117, 6.97116, 2.48697],
			"to": [8.85116, 7.20032, 2.97447],
			"rotation": {"angle": 0, "axis": "y", "origin": [7.14814, 6.6677, 6.76197]},
			"faces": {
				"north": {"uv": [5.00595, 0.5, 4, 0.6364], "texture": "#0", "cullface": "north"},
				"east": {"uv": [7.9375, 0.5, 7.45, 0.7728], "texture": "#missing", "cullface": "west"},
				"south": {"uv": [5.00595, 0, 4, 0.1364], "texture": "#0", "cullface": "south"},
				"west": {"uv": [7.9375, 0.5, 7.45, 0.7728], "texture": "#missing", "cullface": "east"},
				"up": {"uv": [5.00595, 6.5, 4, 6.74375], "texture": "#0", "cullface": "up"},
				"down": {"uv": [1.00595, 4, 0, 4.24375], "texture": "#0", "cullface": "down"}
			}
		},
		{
			"name": "f",
			"from": [5.31949, 6.72946, 2.48767],
			"to": [7.00949, 6.95862, 2.97517],
			"rotation": {"angle": 45, "axis": "z", "origin": [6.79337, 7.26207, 6.76267]},
			"faces": {
				"north": {"uv": [5.00595, 0.5, 4, 0.6364], "texture": "#0"},
				"east": {"uv": [7.9375, 0.5, 7.45, 0.7728], "texture": "#missing"},
				"south": {"uv": [5.00595, 0, 4, 0.1364], "texture": "#0"},
				"west": {"uv": [7.9375, 0.5, 7.45, 0.7728], "texture": "#missing"},
				"up": {"uv": [6.48095, 0, 5.475, 0.24375], "texture": "#0"},
				"down": {"uv": [2.48095, 0.9375, 1.475, 1.18125], "texture": "#0", "rotation": 180}
			}
		}
	],
	"display": {
		"thirdperson_righthand": {
			"scale": [1.45, 1.45, 1.45],
			"translation": [2, 1.5, -3.5],
			"rotation": [0, 0, -30]
		},
		"firstperson_righthand": {
			"scale": [1.5, 1.5, 1.5],
			"rotation": [45, 10, 0],
			"translation": [3.5, 1.5, 0]
		},
		"thirdperson_lefthand": {
			"scale": [1.45, 1.45, 1.45],
			"rotation": [0, 0, 30],
			"translation": [-2, 1.5, -3.5]
		},
		"firstperson_lefthand": {
			"scale": [1.5, 1.5, 1.5],
			"rotation": [45, 10, -31],
			"translation": [5, 1.5, 0]
		},
		"head": {
			"scale": [4, 4, 4],
			"translation": [0, 11, -6]
		},
		"ground": {
			"translation": [0, 2.5, 2],
			"scale": [1.2, 1.2, 1.2]
		},
		"fixed": {
			"scale": [1.5, 1.5, 1.5],
			"rotation": [0, -90, 0],
			"translation": [-1.5, 3.5, 0]
		},
		"gui": {
			"scale": [1.9, 1.9, 1.9],
			"rotation": [20, 158, 0],
			"translation": [0.7, 5.5, 1]
		}
	},
	"groups": [
		{
			"name": "tb",
			"isOpen": true,
			"shade": true,
			"display": {
				"visibility": true,
				"autouv": true
			},
			"children": [0, 1, 2, 3, 4, 5, 6, 7]
		},
		{
			"name": "wol",
			"isOpen": true,
			"shade": true,
			"display": {
				"visibility": true,
				"autouv": true
			},
			"children": [8, 9, 10, 11, 12, 13, 14, 15, 16, 17, 18, 19, 20, 21, 22, 23, 24, 25, 26, 27, 28, 29, 30, 31, 32, 33, 34, 35, 36, 37, 38, 39, 40]
		},
		{
			"name": "clwol",
			"isOpen": true,
			"shade": true,
			"display": {
				"visibility": true,
				"autouv": true
			},
			"children": [41, 42, 43, 44, 45, 46, 47]
		},
		{
			"name": "rng",
			"isOpen": true,
			"shade": true,
			"display": {
				"visibility": true,
				"autouv": true
			},
			"children": [48, 49, 50, 51, 52, 53, 54, 55, 56, 57, 58, 59, 60, 61, 62, 63]
		}
	]
}